<?xml version="1.0" encoding="UTF-8"?>
<project-private xmlns="http://www.netbeans.org/ns/project-private/1">
    <editor-bookmarks xmlns="http://www.netbeans.org/ns/editor-bookmarks/2" lastBookmarkId="0"/>
    <open-files xmlns="http://www.netbeans.org/ns/projectui-open-files/2">
        <group>
            <file>file:/E:/ProjetoJava/src/Mundo/FonteConfiavel.java</file>
            <file>file:/E:/ProjetoJava/src/Mundo/IA_geradora_FakeNews.java</file>
            <file>file:/E:/ProjetoJava/src/Pessoas/PessoaBemInformada.java</file>
            <file>file:/E:/ProjetoJava/src/projetojava/ProjetoJava.java</file>
            <file>file:/E:/ProjetoJava/src/Mundo/IAs.java</file>
            <file>file:/E:/ProjetoJava/src/Pessoas/PessoaImuniAFakeNews.java</file>
            <file>file:/E:/ProjetoJava/src/Pessoas/Pessoa.java</file>
            <file>file:/E:/ProjetoJava/src/Mundo/Mundo.java</file>
            <file>file:/E:/ProjetoJava/src/Mundo/IA_destruidora_FakeNews.java</file>
            <file>file:/E:/ProjetoJava/src/Pessoas/PessoaMalInformada.java</file>
        </group>
    </open-files>
</project-private>
